TDSFU Daily run: Fri Oct 24 14:42:48 UTC 2025 TDSFU
TDSFU Daily run: Sat Oct 25 04:33:34 UTC 2025 TDSFU
TDSFU Daily run: Sun Oct 26 04:33:47 UTC 2025 TDSFU
TDSFU Daily run: Mon Oct 27 04:42:52 UTC 2025 TDSFU
TDSFU Daily run: Tue Oct 28 04:35:25 UTC 2025 TDSFU
TDSFU Daily run: Wed Oct 29 04:41:18 UTC 2025 TDSFU
TDSFU Daily run: Thu Oct 30 04:34:48 UTC 2025 TDSFU
TDSFU Daily run: Fri Oct 31 04:37:14 UTC 2025 TDSFU
TDSFU Daily run: Sat Nov  1 04:33:02 UTC 2025 TDSFU
TDSFU Daily run: Sun Nov  2 04:35:48 UTC 2025 TDSFU
